precio,banda_precio,tipo_inmueble,demarcacion,colonia,cerca_alameda_oriente,m2,recamaras,banos,estacionamientos,tiene_estacionamiento,canal_contacto,publicado_por,url,fuentes
3000.0,≤$8k,oficina,Gustavo A. Madero,San Juan de Aragón,sí,6.0,,,,n-d,vía portal (lamudi) | https://www.lamudi.com.mx/detalle/41032-73-83501dc08fb3-1e67-19e410e-8577-7c4d,,https://www.lamudi.com.mx/detalle/41032-73-83501dc08fb3-1e67-19e410e-8577-7c4d,lamudi
3500.0,≤$8k,oficina,Nezahualcóyotl,Agua Azul,sí,,,4.0,,n-d,vía portal (lamudi) | https://www.lamudi.com.mx/detalle/41032-73-ff100bc78f3b-9cda-199829d-bf36-70aa,,https://www.lamudi.com.mx/detalle/41032-73-ff100bc78f3b-9cda-199829d-bf36-70aa,lamudi
4000.0,≤$8k,local,Nezahualcóyotl,Benito Juárez,sí,,,1.0,,n-d,vía portal (lamudi) | https://www.lamudi.com.mx/detalle/41032-73-30ac212a7b37-58-19e9906-abc9-7077,,https://www.lamudi.com.mx/detalle/41032-73-30ac212a7b37-58-19e9906-abc9-7077,lamudi
4000.0,≤$8k,departamento,Iztacalco,Pantitlán,sí,44.0,2,1.0,,n-d,vía portal (mercadolibre) | https://departamento.mercadolibre.com.mx/MLM-5666935876-se-renta-departamento-recien-remodelado-bien-iluminado-y-cerca-de-av-pantitlan-_JM,,https://departamento.mercadolibre.com.mx/MLM-5666935876-se-renta-departamento-recien-remodelado-bien-iluminado-y-cerca-de-av-pantitlan-_JM,mercadolibre
5000.0,≤$8k,departamento,Nezahualcóyotl,Benito Juárez,sí,40.0,1,1.0,,n-d,vía portal (nuroa) | https://www.nuroa.com.mx/adform/5200000783255198297?click_type=1&pos=2&listingId=5200000783255198297&siteStrategyKey=https%3A%2F%2Fwww.nuroa.com.mx&url=https%253A%252F%252Fwww.icasas.mx%252FaggregatorDetail%253FadId%253D019f3033-9176-7471-8158-78e136be07c5%2526aggregator%253Dmitula%2526utm_content%253D019f3033-9176-7471-8158-78e136be07c5_payment&searchType=2&page=1&seo_link_id=1406136829&section=26&t_sec=26&sectionType=2&pageViewId=195b3e0c-5c7f-418a-9613-697a25411a80&t_pvid=195b3e0c-5c7f-418a-9613-697a25411a80&userAgent=Mozilla%2F5.0+%28Macintosh%3B+Intel+Mac+OS+X+10_15_7%29+AppleWebKit%2F605.1.15+%28KHTML%2C+like+Gecko%29+Version%2F17.4+Safari%2F605.1.15&browser=1&isHuman=true&userIp=189.226.169.69&what=departamento+nezahualcoyotl&search_terms=departamento+nezahualcoyotl&origin=2&t_or=2&splitTestId=0,,https://www.nuroa.com.mx/adform/5200000783255198297?click_type=1&pos=2&listingId=5200000783255198297&siteStrategyKey=https%3A%2F%2Fwww.nuroa.com.mx&url=https%253A%252F%252Fwww.icasas.mx%252FaggregatorDetail%253FadId%253D019f3033-9176-7471-8158-78e136be07c5%2526aggregator%253Dmitula%2526utm_content%253D019f3033-9176-7471-8158-78e136be07c5_payment&searchType=2&page=1&seo_link_id=1406136829&section=26&t_sec=26&sectionType=2&pageViewId=195b3e0c-5c7f-418a-9613-697a25411a80&t_pvid=195b3e0c-5c7f-418a-9613-697a25411a80&userAgent=Mozilla%2F5.0+%28Macintosh%3B+Intel+Mac+OS+X+10_15_7%29+AppleWebKit%2F605.1.15+%28KHTML%2C+like+Gecko%29+Version%2F17.4+Safari%2F605.1.15&browser=1&isHuman=true&userIp=189.226.169.69&what=departamento+nezahualcoyotl&search_terms=departamento+nezahualcoyotl&origin=2&t_or=2&splitTestId=0,lamudi+mercadolibre+nuroa
5000.0,≤$8k,departamento,Venustiano Carranza,Aviación Civil,sí,30.0,1,1.0,,n-d,vía portal (mercadolibre) | https://departamento.mercadolibre.com.mx/MLM-3128825485-renta-departamentos-ampliacion-aviacion-civil-t-df0204-0112-_JM,,https://departamento.mercadolibre.com.mx/MLM-3128825485-renta-departamentos-ampliacion-aviacion-civil-t-df0204-0112-_JM,mercadolibre
5800.0,≤$8k,departamento,Nezahualcóyotl,Agua Azul,sí,40.0,1,1.0,,n-d,vía portal (nuroa) | https://www.nuroa.com.mx/adform/7130000782823332570?click_type=0&pos=1&listingId=7130000782823332570&siteStrategyKey=https%3A%2F%2Fwww.nuroa.com.mx&url=https%253A%252F%252Fwww.icasas.mx%252FaggregatorDetail%253FadId%253Dc1ef1ebf-2f72-4b4b-b8b4-bf1f312834ee%2526aggregator%253Dmitula%2526utm_content%253Dc1ef1ebf-2f72-4b4b-b8b4-bf1f312834ee_payment&searchType=2&page=1&seo_link_id=1406136829&section=1&t_sec=1&sectionType=1&pageViewId=195b3e0c-5c7f-418a-9613-697a25411a80&t_pvid=195b3e0c-5c7f-418a-9613-697a25411a80&userAgent=Mozilla%2F5.0+%28Macintosh%3B+Intel+Mac+OS+X+10_15_7%29+AppleWebKit%2F605.1.15+%28KHTML%2C+like+Gecko%29+Version%2F17.4+Safari%2F605.1.15&browser=1&isHuman=true&userIp=189.226.169.69&what=departamento+nezahualcoyotl&search_terms=departamento+nezahualcoyotl&origin=2&t_or=2&splitTestId=0,,https://www.nuroa.com.mx/adform/7130000782823332570?click_type=0&pos=1&listingId=7130000782823332570&siteStrategyKey=https%3A%2F%2Fwww.nuroa.com.mx&url=https%253A%252F%252Fwww.icasas.mx%252FaggregatorDetail%253FadId%253Dc1ef1ebf-2f72-4b4b-b8b4-bf1f312834ee%2526aggregator%253Dmitula%2526utm_content%253Dc1ef1ebf-2f72-4b4b-b8b4-bf1f312834ee_payment&searchType=2&page=1&seo_link_id=1406136829&section=1&t_sec=1&sectionType=1&pageViewId=195b3e0c-5c7f-418a-9613-697a25411a80&t_pvid=195b3e0c-5c7f-418a-9613-697a25411a80&userAgent=Mozilla%2F5.0+%28Macintosh%3B+Intel+Mac+OS+X+10_15_7%29+AppleWebKit%2F605.1.15+%28KHTML%2C+like+Gecko%29+Version%2F17.4+Safari%2F605.1.15&browser=1&isHuman=true&userIp=189.226.169.69&what=departamento+nezahualcoyotl&search_terms=departamento+nezahualcoyotl&origin=2&t_or=2&splitTestId=0,lamudi+nuroa
6000.0,≤$8k,oficina,Gustavo A. Madero,San Juan de Aragón,sí,12.0,,,,n-d,vía portal (lamudi) | https://www.lamudi.com.mx/detalle/41032-73-4dc563b0a7fc-d962-19bf0bc-8ee3-72ec,,https://www.lamudi.com.mx/detalle/41032-73-4dc563b0a7fc-d962-19bf0bc-8ee3-72ec,lamudi
6000.0,≤$8k,oficina,Gustavo A. Madero,San Juan de Aragón,sí,11.0,,,,n-d,vía portal (lamudi) | https://www.lamudi.com.mx/detalle/41032-73-897eefae9395-d466-19bf0bc-8a9d-7e79,,https://www.lamudi.com.mx/detalle/41032-73-897eefae9395-d466-19bf0bc-8a9d-7e79,lamudi
7500.0,≤$8k,departamento,Iztacalco,Agrícola Pantitlán,sí,42.0,2,1.0,,n-d,vía portal (mercadolibre) | https://departamento.mercadolibre.com.mx/MLM-3096602709-agricola-pantitlan-_JM,,https://departamento.mercadolibre.com.mx/MLM-3096602709-agricola-pantitlan-_JM,mercadolibre
7800.0,≤$8k,departamento,Iztacalco,Agrícola Pantitlán,sí,,2,1.0,,n-d,vía portal (lamudi) | https://www.lamudi.com.mx/detalle/41032-73-b930fdbd473a-de1a-19f3db3-9305-7440,,https://www.lamudi.com.mx/detalle/41032-73-b930fdbd473a-de1a-19f3db3-9305-7440,lamudi
8000.0,≤$8k,departamento,Iztacalco,Pantitlán,sí,60.0,2,1.0,,n-d,vía portal (nuroa) | https://www.nuroa.com.mx/adform/6900000774960942734?click_type=0&pos=2&listingId=6900000774960942734&siteStrategyKey=https%3A%2F%2Fwww.nuroa.com.mx&url=https%253A%252F%252Fwww.icasas.mx%252FaggregatorDetail%253FadId%253D019d425f-56bf-7fee-adb3-54108e952e24%2526aggregator%253Dmitula%2526utm_content%253D019d425f-56bf-7fee-adb3-54108e952e24_payment&searchType=2&page=1&seo_link_id=1406136829&section=1&t_sec=1&sectionType=1&pageViewId=195b3e0c-5c7f-418a-9613-697a25411a80&t_pvid=195b3e0c-5c7f-418a-9613-697a25411a80&userAgent=Mozilla%2F5.0+%28Macintosh%3B+Intel+Mac+OS+X+10_15_7%29+AppleWebKit%2F605.1.15+%28KHTML%2C+like+Gecko%29+Version%2F17.4+Safari%2F605.1.15&browser=1&isHuman=true&userIp=189.226.169.69&what=departamento+nezahualcoyotl&search_terms=departamento+nezahualcoyotl&origin=2&t_or=2&splitTestId=0,,https://www.nuroa.com.mx/adform/6900000774960942734?click_type=0&pos=2&listingId=6900000774960942734&siteStrategyKey=https%3A%2F%2Fwww.nuroa.com.mx&url=https%253A%252F%252Fwww.icasas.mx%252FaggregatorDetail%253FadId%253D019d425f-56bf-7fee-adb3-54108e952e24%2526aggregator%253Dmitula%2526utm_content%253D019d425f-56bf-7fee-adb3-54108e952e24_payment&searchType=2&page=1&seo_link_id=1406136829&section=1&t_sec=1&sectionType=1&pageViewId=195b3e0c-5c7f-418a-9613-697a25411a80&t_pvid=195b3e0c-5c7f-418a-9613-697a25411a80&userAgent=Mozilla%2F5.0+%28Macintosh%3B+Intel+Mac+OS+X+10_15_7%29+AppleWebKit%2F605.1.15+%28KHTML%2C+like+Gecko%29+Version%2F17.4+Safari%2F605.1.15&browser=1&isHuman=true&userIp=189.226.169.69&what=departamento+nezahualcoyotl&search_terms=departamento+nezahualcoyotl&origin=2&t_or=2&splitTestId=0,nuroa
8000.0,≤$8k,departamento,Nezahualcóyotl,El Sol,sí,60.0,2,1.0,,n-d,vía portal (lamudi) | https://www.lamudi.com.mx/detalle/41032-73-54108e952e6d-5708-19d42a8-adfc-8037,,https://www.lamudi.com.mx/detalle/41032-73-54108e952e6d-5708-19d42a8-adfc-8037,lamudi
8000.0,≤$8k,departamento,Venustiano Carranza,Romero Rubio,sí,33.0,1,1.0,,n-d,vía portal (lamudi) | https://www.lamudi.com.mx/detalle/41032-73-8f2c8b8b393f-3a97-19f6e49-a6f2-76e3,,https://www.lamudi.com.mx/detalle/41032-73-8f2c8b8b393f-3a97-19f6e49-a6f2-76e3,lamudi
8500.0,$8–10k,departamento,Iztacalco,Agrícola Oriental,sí,52.0,2,1.0,,n-d,vía portal (lamudi) | https://www.lamudi.com.mx/detalle/41032-73-bfb0edbfcae8-5012-19f2428-9807-7c50,,https://www.lamudi.com.mx/detalle/41032-73-bfb0edbfcae8-5012-19f2428-9807-7c50,lamudi
8500.0,$8–10k,departamento,Venustiano Carranza,Aviación Civil,sí,50.0,2,,,n-d,vía portal (mercadolibre) | https://departamento.mercadolibre.com.mx/MLM-5676021404-renta-departamentos-ampliacion-aviacion-civil-t-df0204-0109-_JM,,https://departamento.mercadolibre.com.mx/MLM-5676021404-renta-departamentos-ampliacion-aviacion-civil-t-df0204-0109-_JM,mercadolibre
8600.0,$8–10k,departamento,Nezahualcóyotl,Bosques de Aragón,sí,60.0,2,1.0,,n-d,vía portal (mercadolibre) | https://departamento.mercadolibre.com.mx/MLM-5769447794-renta-de-departamento-en-bosques-de-aragon-nezahualcoyotl-edo-de-mex-_JM,,https://departamento.mercadolibre.com.mx/MLM-5769447794-renta-de-departamento-en-bosques-de-aragon-nezahualcoyotl-edo-de-mex-_JM,mercadolibre
8850.0,$8–10k,departamento,Iztacalco,Agrícola Oriental,sí,45.0,1,1.0,,n-d,vía portal (mercadolibre) | https://departamento.mercadolibre.com.mx/MLM-5716329956-departamento-en-renta-col-agricola-oriental-alcaldia-iztacalco-cdmx-97579-_JM,,https://departamento.mercadolibre.com.mx/MLM-5716329956-departamento-en-renta-col-agricola-oriental-alcaldia-iztacalco-cdmx-97579-_JM,mercadolibre
9000.0,$8–10k,departamento,Nezahualcóyotl,Benito Juárez,sí,70.0,2,1.0,1,sí,vía portal (nuroa) | https://www.nuroa.com.mx/adform/5560000784292279491?click_type=0&pos=3&listingId=5560000784292279491&siteStrategyKey=https%3A%2F%2Fwww.nuroa.com.mx&url=https%253A%252F%252Fwww.icasas.mx%252FaggregatorDetail%253FadId%253D019f68d9-7192-7b97-ad3b-16d8e779fbea%2526aggregator%253Dmitula%2526utm_content%253D019f68d9-7192-7b97-ad3b-16d8e779fbea_payment&searchType=2&page=1&seo_link_id=1406136829&section=1&t_sec=1&sectionType=1&pageViewId=195b3e0c-5c7f-418a-9613-697a25411a80&t_pvid=195b3e0c-5c7f-418a-9613-697a25411a80&userAgent=Mozilla%2F5.0+%28Macintosh%3B+Intel+Mac+OS+X+10_15_7%29+AppleWebKit%2F605.1.15+%28KHTML%2C+like+Gecko%29+Version%2F17.4+Safari%2F605.1.15&browser=1&isHuman=true&userIp=189.226.169.69&what=departamento+nezahualcoyotl&search_terms=departamento+nezahualcoyotl&origin=2&t_or=2&splitTestId=0,,https://www.nuroa.com.mx/adform/5560000784292279491?click_type=0&pos=3&listingId=5560000784292279491&siteStrategyKey=https%3A%2F%2Fwww.nuroa.com.mx&url=https%253A%252F%252Fwww.icasas.mx%252FaggregatorDetail%253FadId%253D019f68d9-7192-7b97-ad3b-16d8e779fbea%2526aggregator%253Dmitula%2526utm_content%253D019f68d9-7192-7b97-ad3b-16d8e779fbea_payment&searchType=2&page=1&seo_link_id=1406136829&section=1&t_sec=1&sectionType=1&pageViewId=195b3e0c-5c7f-418a-9613-697a25411a80&t_pvid=195b3e0c-5c7f-418a-9613-697a25411a80&userAgent=Mozilla%2F5.0+%28Macintosh%3B+Intel+Mac+OS+X+10_15_7%29+AppleWebKit%2F605.1.15+%28KHTML%2C+like+Gecko%29+Version%2F17.4+Safari%2F605.1.15&browser=1&isHuman=true&userIp=189.226.169.69&what=departamento+nezahualcoyotl&search_terms=departamento+nezahualcoyotl&origin=2&t_or=2&splitTestId=0,lamudi+mercadolibre+nuroa
9000.0,$8–10k,local,Nezahualcóyotl,Evolución,sí,39.0,,1.0,,n-d,vía portal (lamudi) | https://www.lamudi.com.mx/detalle/41032-73-86ae3bdc7d9d-9c45-b7e2eead-b35e-4b06,,https://www.lamudi.com.mx/detalle/41032-73-86ae3bdc7d9d-9c45-b7e2eead-b35e-4b06,lamudi
9000.0,$8–10k,departamento,Venustiano Carranza,Moctezuma,sí,47.0,2,1.0,,n-d,vía portal (mercadolibre) | https://departamento.mercadolibre.com.mx/MLM-5746676016-renta-departamentos-moctezuma-2a-seccion-t-df0198-0121-_JM,,https://departamento.mercadolibre.com.mx/MLM-5746676016-renta-departamentos-moctezuma-2a-seccion-t-df0198-0121-_JM,mercadolibre
9500.0,$8–10k,departamento,Gustavo A. Madero,San Juan de Aragón,sí,55.0,2,1.0,,n-d,vía portal (lamudi) | https://www.lamudi.com.mx/detalle/41032-73-1d2a6fc3a901-ddc6-19ede16-8c04-76a5,,https://www.lamudi.com.mx/detalle/41032-73-1d2a6fc3a901-ddc6-19ede16-8c04-76a5,lamudi
9500.0,$8–10k,departamento,Venustiano Carranza,Moctezuma,sí,26.0,1,1.0,,n-d,vía portal (mercadolibre) | https://departamento.mercadolibre.com.mx/MLM-5593433524-loft-en-renta-moctezuma-2da-seccion-venustiano-carranza-_JM,,https://departamento.mercadolibre.com.mx/MLM-5593433524-loft-en-renta-moctezuma-2da-seccion-venustiano-carranza-_JM,mercadolibre
10000.0,$8–10k,casa,Gustavo A. Madero,Casas Alemán,sí,136.0,,1.0,,n-d,vía portal (lamudi) | https://www.lamudi.com.mx/detalle/41032-73-b55f471d30f4-c943-ec42f4f3-9f9a-4936,,https://www.lamudi.com.mx/detalle/41032-73-b55f471d30f4-c943-ec42f4f3-9f9a-4936,lamudi
10500.0,$10–12k,departamento,Venustiano Carranza,Moctezuma,sí,52.0,2,1.0,,n-d,vía portal (mercadolibre) | https://departamento.mercadolibre.com.mx/MLM-5731527326-renta-de-departamento-en-col-moctezuma-2-secc-venustiano-carranza-cdmx-_JM,,https://departamento.mercadolibre.com.mx/MLM-5731527326-renta-de-departamento-en-col-moctezuma-2-secc-venustiano-carranza-cdmx-_JM,mercadolibre
11000.0,$10–12k,departamento,Gustavo A. Madero,DM Nacional,sí,,2,1.0,1,sí,vía portal (lamudi) | https://www.lamudi.com.mx/detalle/41032-73-3b48f80a6699-c547-19e6faa-9a99-748b,,https://www.lamudi.com.mx/detalle/41032-73-3b48f80a6699-c547-19e6faa-9a99-748b,lamudi
11000.0,$10–12k,oficina,Venustiano Carranza,Peñón de los Baños,sí,65.0,,,1,sí,vía portal (lamudi) | https://www.lamudi.com.mx/detalle/41032-73-56db1db6c97e-989d-1986345-964f-710d,,https://www.lamudi.com.mx/detalle/41032-73-56db1db6c97e-989d-1986345-964f-710d,lamudi
11000.0,$10–12k,departamento,Iztacalco,Agrícola Oriental,sí,90.0,3,2.0,,n-d,vía portal (lamudi) | https://www.lamudi.com.mx/detalle/41032-73-8376fdec33f4-2caa-19f2597-8ce5-7604,,https://www.lamudi.com.mx/detalle/41032-73-8376fdec33f4-2caa-19f2597-8ce5-7604,lamudi
11000.0,$10–12k,departamento,Gustavo A. Madero,Campestre Aragón,sí,55.0,2,1.0,,n-d,vía portal (mercadolibre) | https://departamento.mercadolibre.com.mx/MLM-5534018536-bonito-departamento-2-recamaras-col-campestre-aragon-gam-_JM,,https://departamento.mercadolibre.com.mx/MLM-5534018536-bonito-departamento-2-recamaras-col-campestre-aragon-gam-_JM,mercadolibre
11000.0,$10–12k,departamento,Venustiano Carranza,Romero Rubio,sí,59.0,2,1.0,,n-d,vía portal (mercadolibre) | https://departamento.mercadolibre.com.mx/MLM-5730679522-departamento-en-renta-en-jerusalen-90-col-romero-rubio-v-carranza-cdmx-_JM,,https://departamento.mercadolibre.com.mx/MLM-5730679522-departamento-en-renta-en-jerusalen-90-col-romero-rubio-v-carranza-cdmx-_JM,mercadolibre
11000.0,$10–12k,departamento,Iztacalco,Agrícola Oriental,sí,42.0,2,1.0,,n-d,vía portal (mercadolibre) | https://departamento.mercadolibre.com.mx/MLM-5486622756-renta-departamentos-agricola-oriental-t-df0179-0191-_JM,,https://departamento.mercadolibre.com.mx/MLM-5486622756-renta-departamentos-agricola-oriental-t-df0179-0191-_JM,mercadolibre
11200.0,$10–12k,departamento,Gustavo A. Madero,DM Nacional,sí,57.0,2,1.0,,n-d,vía portal (lamudi) | https://www.lamudi.com.mx/detalle/41032-73-41639a60c83d-bd8a-19f349a-aa0d-7cc6,,https://www.lamudi.com.mx/detalle/41032-73-41639a60c83d-bd8a-19f349a-aa0d-7cc6,lamudi
11500.0,$10–12k,departamento,Iztacalco,Agrícola Pantitlán,sí,83.0,2,1.0,,n-d,vía portal (mercadolibre) | https://departamento.mercadolibre.com.mx/MLM-3092711101-departamento-en-renta-agricola-pantitlan-_JM,,https://departamento.mercadolibre.com.mx/MLM-3092711101-departamento-en-renta-agricola-pantitlan-_JM,mercadolibre
12000.0,$10–12k,departamento,Gustavo A. Madero,DM Nacional,sí,60.0,2,1.0,1,sí,vía portal (lamudi) | https://www.lamudi.com.mx/detalle/41032-73-ca0a270374bf-676a-19f6e8d-ad97-7553,,https://www.lamudi.com.mx/detalle/41032-73-ca0a270374bf-676a-19f6e8d-ad97-7553,lamudi
12000.0,$10–12k,oficina,Venustiano Carranza,Moctezuma,sí,45.0,2,,,n-d,vía portal (lamudi) | https://www.lamudi.com.mx/detalle/41032-73-85fcb02c99cd-2e8c-19be14a-8cdc-79b4,,https://www.lamudi.com.mx/detalle/41032-73-85fcb02c99cd-2e8c-19be14a-8cdc-79b4,lamudi
12000.0,$10–12k,departamento,Iztacalco,Agrícola Pantitlán,sí,50.0,2,1.0,,n-d,vía portal (lamudi) | https://www.lamudi.com.mx/detalle/41032-73-c9712edb39d3-79b4-19f25b6-9a6e-7f80,,https://www.lamudi.com.mx/detalle/41032-73-c9712edb39d3-79b4-19f25b6-9a6e-7f80,lamudi
12000.0,$10–12k,departamento,Venustiano Carranza,Aviación Civil,sí,54.0,2,1.0,,n-d,vía portal (mercadolibre) | https://departamento.mercadolibre.com.mx/MLM-3167190927-renta-departamentos-ampliacion-aviacion-civil-t-df0204-0113-_JM,,https://departamento.mercadolibre.com.mx/MLM-3167190927-renta-departamentos-ampliacion-aviacion-civil-t-df0204-0113-_JM,mercadolibre
12500.0,$12–15k,departamento,Iztacalco,Puebla,sí,80.0,3,1.0,,n-d,vía portal (mercadolibre) | https://departamento.mercadolibre.com.mx/MLM-2978874717-renta-departamentos-puebla-t-df0204-0104-_JM,,https://departamento.mercadolibre.com.mx/MLM-2978874717-renta-departamentos-puebla-t-df0204-0104-_JM,mercadolibre
12500.0,$12–15k,departamento,Iztacalco,Agrícola Oriental,sí,70.0,3,2.0,,n-d,vía portal (mercadolibre) | https://departamento.mercadolibre.com.mx/MLM-5750202244-se-renta-departamento-en-col-agricola-oriental-_JM,,https://departamento.mercadolibre.com.mx/MLM-5750202244-se-renta-departamento-en-col-agricola-oriental-_JM,mercadolibre
13000.0,$12–15k,departamento,Iztacalco,Agrícola Pantitlán,sí,49.0,2,1.0,,n-d,vía portal (lamudi) | https://www.lamudi.com.mx/detalle/41032-73-446243649341-45ff-19e1ee4-bc5e-76b0,,https://www.lamudi.com.mx/detalle/41032-73-446243649341-45ff-19e1ee4-bc5e-76b0,lamudi
13000.0,$12–15k,departamento,Venustiano Carranza,Moctezuma,sí,66.0,2,2.0,,n-d,vía portal (mercadolibre) | https://departamento.mercadolibre.com.mx/MLM-3048804921-renta-departamentos-moctezuma-2a-seccion-t-df0074-0349-_JM,,https://departamento.mercadolibre.com.mx/MLM-3048804921-renta-departamentos-moctezuma-2a-seccion-t-df0074-0349-_JM,mercadolibre
13500.0,$12–15k,departamento,Gustavo A. Madero,Campestre Aragón,sí,80.0,2,1.0,,n-d,vía portal (mercadolibre) | https://departamento.mercadolibre.com.mx/MLM-5608897536-rento-depa-campestre-aragon--_JM,,https://departamento.mercadolibre.com.mx/MLM-5608897536-rento-depa-campestre-aragon--_JM,mercadolibre
14000.0,$12–15k,oficina,Venustiano Carranza,Moctezuma,sí,50.0,3,,,n-d,vía portal (lamudi) | https://www.lamudi.com.mx/detalle/41032-73-dad86c153b4d-7576-19beb96-b24a-76fd,,https://www.lamudi.com.mx/detalle/41032-73-dad86c153b4d-7576-19beb96-b24a-76fd,lamudi
14000.0,$12–15k,departamento,Nezahualcóyotl,Benito Juárez,sí,50.0,2,1.0,,n-d,vía portal (mercadolibre) | https://departamento.mercadolibre.com.mx/MLM-5669276972-comodo-departamento-a-5-minutos-del-aeropuerto-internacional-benito-juarez-estadio-gnp-excelentes-vias-de-acceso-_JM,,https://departamento.mercadolibre.com.mx/MLM-5669276972-comodo-departamento-a-5-minutos-del-aeropuerto-internacional-benito-juarez-estadio-gnp-excelentes-vias-de-acceso-_JM,mercadolibre
14000.0,$12–15k,departamento,Iztacalco,Agrícola Oriental,sí,56.0,2,1.0,,n-d,vía portal (mercadolibre) | https://departamento.mercadolibre.com.mx/MLM-5586826548-renta-departamentos-agricola-oriental-t-df0176-0212-_JM,,https://departamento.mercadolibre.com.mx/MLM-5586826548-renta-departamentos-agricola-oriental-t-df0176-0212-_JM,mercadolibre
14500.0,$12–15k,departamento,Venustiano Carranza,Moctezuma,sí,60.0,2,1.0,,n-d,vía portal (mercadolibre) | https://departamento.mercadolibre.com.mx/MLM-2964975137-renta-departamentos-moctezuma-1a-seccion-t-df0166-0151-_JM,,https://departamento.mercadolibre.com.mx/MLM-2964975137-renta-departamentos-moctezuma-1a-seccion-t-df0166-0151-_JM,mercadolibre
15000.0,$12–15k,oficina,Venustiano Carranza,Pensador Mexicano,sí,120.0,,,,n-d,vía portal (lamudi) | https://www.lamudi.com.mx/detalle/41032-73-53eca518a124-f81c-19d326d-a7eb-7f5d,,https://www.lamudi.com.mx/detalle/41032-73-53eca518a124-f81c-19d326d-a7eb-7f5d,lamudi
15000.0,$12–15k,departamento,Nezahualcóyotl,Bosques de Aragón,sí,100.0,3,2.0,,n-d,vía portal (mercadolibre) | https://departamento.mercadolibre.com.mx/MLM-5569363040-rento-departamento-sobre-avenida-y-esquina-en-bosques-de-aragon-_JM,,https://departamento.mercadolibre.com.mx/MLM-5569363040-rento-departamento-sobre-avenida-y-esquina-en-bosques-de-aragon-_JM,mercadolibre
15000.0,$12–15k,departamento,Iztacalco,Agrícola Pantitlán,sí,60.0,2,1.0,,n-d,vía portal (mercadolibre) | https://departamento.mercadolibre.com.mx/MLM-5704770446-departamento-amueblado-en-renta-en-iztacalco-agricola-pantitlan-edlt-26-2287-_JM,,https://departamento.mercadolibre.com.mx/MLM-5704770446-departamento-amueblado-en-renta-en-iztacalco-agricola-pantitlan-edlt-26-2287-_JM,mercadolibre
15200.0,$15–18k,departamento,Iztacalco,Agrícola Oriental,sí,55.0,2,1.0,,n-d,vía portal (mercadolibre) | https://departamento.mercadolibre.com.mx/MLM-5553832970-departamento-en-agricola-oriental-iztacalco-con-2-recamaras-55-m-id-161420-_JM,,https://departamento.mercadolibre.com.mx/MLM-5553832970-departamento-en-agricola-oriental-iztacalco-con-2-recamaras-55-m-id-161420-_JM,mercadolibre
15500.0,$15–18k,departamento,Venustiano Carranza,Moctezuma,sí,65.0,2,1.0,,n-d,vía portal (mercadolibre) | https://departamento.mercadolibre.com.mx/MLM-5706391784-departamento-en-renta-con-patio-y-estacionamiento-en-moctezuma-_JM,,https://departamento.mercadolibre.com.mx/MLM-5706391784-departamento-en-renta-con-patio-y-estacionamiento-en-moctezuma-_JM,mercadolibre
15750.0,$15–18k,departamento,Venustiano Carranza,Moctezuma,sí,72.0,2,1.0,,n-d,vía portal (mercadolibre) | https://departamento.mercadolibre.com.mx/MLM-3167788579-renta-departamentos-moctezuma-2a-seccion-t-df0074-0354-_JM,,https://departamento.mercadolibre.com.mx/MLM-3167788579-renta-departamentos-moctezuma-2a-seccion-t-df0074-0354-_JM,mercadolibre
15900.0,$15–18k,casa,Gustavo A. Madero,Casas Alemán,sí,80.0,,,1,sí,vía portal (lamudi) | https://www.lamudi.com.mx/detalle/41032-73-f83e239780b9-f5a2-19f44cb-b423-7b7a,,https://www.lamudi.com.mx/detalle/41032-73-f83e239780b9-f5a2-19f44cb-b423-7b7a,lamudi
16000.0,$15–18k,local,Iztacalco,Agrícola Oriental,sí,28.0,,,,n-d,vía portal (lamudi) | https://www.lamudi.com.mx/detalle/41032-73-842ff933e851-558-19ef631-b5e3-77a7,,https://www.lamudi.com.mx/detalle/41032-73-842ff933e851-558-19ef631-b5e3-77a7,lamudi
16000.0,$15–18k,departamento,Venustiano Carranza,Moctezuma,sí,54.0,2,2.0,,n-d,vía portal (mercadolibre) | https://departamento.mercadolibre.com.mx/MLM-5644783592-departamento-en-moctezuma-_JM,,https://departamento.mercadolibre.com.mx/MLM-5644783592-departamento-en-moctezuma-_JM,mercadolibre
16000.0,$15–18k,departamento,Iztacalco,Agrícola Pantitlán,sí,45.0,2,1.0,,n-d,vía portal (mercadolibre) | https://departamento.mercadolibre.com.mx/MLM-5650854034-departamento-de-45-m2-2-recamaras-1-estacionamiento-en-la-agricola-pantitlan-_JM,,https://departamento.mercadolibre.com.mx/MLM-5650854034-departamento-de-45-m2-2-recamaras-1-estacionamiento-en-la-agricola-pantitlan-_JM,mercadolibre
16000.0,$15–18k,departamento,Iztacalco,Agrícola Oriental,sí,70.0,2,1.0,,n-d,vía portal (mercadolibre) | https://departamento.mercadolibre.com.mx/MLM-3045662773-departamento-en-agricola-oriental-iztacalco-con-2-recamaras-70-m-id-174270-_JM,,https://departamento.mercadolibre.com.mx/MLM-3045662773-departamento-en-agricola-oriental-iztacalco-con-2-recamaras-70-m-id-174270-_JM,mercadolibre
16200.0,$15–18k,departamento,Iztacalco,Agrícola Oriental,sí,60.0,2,2.0,1,sí,vía portal (lamudi) | https://www.lamudi.com.mx/detalle/41032-73-7cb7278b36bc-2008-19f6e8e-8e74-71d4,,https://www.lamudi.com.mx/detalle/41032-73-7cb7278b36bc-2008-19f6e8e-8e74-71d4,lamudi
16500.0,$15–18k,casa,Iztacalco,Agrícola Pantitlán,sí,145.0,3,3.0,,n-d,vía portal (lamudi) | https://www.lamudi.com.mx/detalle/41032-73-698d11be9cb5-1603-19e9daf-bd85-7347,,https://www.lamudi.com.mx/detalle/41032-73-698d11be9cb5-1603-19e9daf-bd85-7347,lamudi
16500.0,$15–18k,casa,Iztacalco,Agrícola Pantitlán,sí,140.0,3,2.0,,n-d,vía portal (lamudi) | https://www.lamudi.com.mx/detalle/41032-73-6cfad7a06383-9a74-19e9df2-a506-73d9,,https://www.lamudi.com.mx/detalle/41032-73-6cfad7a06383-9a74-19e9df2-a506-73d9,lamudi
17000.0,$15–18k,departamento,Iztacalco,Agrícola Oriental,sí,56.0,2,1.0,2,sí,vía portal (lamudi) | https://www.lamudi.com.mx/detalle/41032-73-30490a5b7357-f4f6-19d8fa9-a9fa-75ef,,https://www.lamudi.com.mx/detalle/41032-73-30490a5b7357-f4f6-19d8fa9-a9fa-75ef,lamudi
17500.0,$15–18k,departamento,Iztacalco,Agrícola Oriental,sí,70.0,2,1.0,,n-d,vía portal (mercadolibre) | https://departamento.mercadolibre.com.mx/MLM-5691788292-departamento-en-renta-para-estrenar-en-agricola-oriental-_JM,,https://www.lamudi.com.mx/detalle/41032-73-855facc07f8e-e558-19f5710-ae36-7681,lamudi+mercadolibre
